column_DD,column_16,column_17,column_18,column_19,column_20
row_01,P01,Q01,R01,S01,T01
row_02,P02,Q02,R02,S02,T02
row_03,P03,Q03,R03,S03,T03
row_04,P04,Q04,R04,S04,T04
row_05,P05,Q05,R05,S05,T05
row_06,P06,Q06,R06,S06,T06
row_07,P07,Q07,R07,S07,T07
row_08,P08,Q08,R08,S08,T08
row_09,P09,Q09,R09,S09,T09
row_10,P10,Q10,R10,S10,T10
row_11,P11,Q11,R11,S11,T11
row_12,P12,Q12,R12,S12,T12
row_13,P13,Q13,R13,S13,T13
row_14,P14,Q14,R14,S14,T14
row_15,P15,Q15,R15,S15,T15
row_16,P16,Q16,R16,S16,T16
row_17,P17,Q17,R17,S17,T17
row_18,P18,Q18,R18,S18,T18
row_19,P19,Q19,R19,S19,T19
row_20,P20,Q20,R20,S20,T20
row_21,P21,Q21,R21,S21,T21
row_22,P22,Q22,R22,S22,T22
row_23,P23,Q23,R23,S23,T23
row_24,P24,Q24,R24,S24,T24
row_25,P25,Q25,R25,S25,T25
row_26,P26,Q26,R26,S26,T26
row_27,P27,Q27,R27,S27,T27
row_28,P28,Q28,R28,S28,T28
row_29,P29,Q29,R29,S29,T29
row_30,P30,Q30,R30,S30,T30